11/09/2017,07:50:00,1.31971,1.31984,1.31967,1.31982,150
11/09/2017,07:51:00,1.31981,1.31992,1.31975,1.31979,110
11/09/2017,07:52:00,1.31979,1.31989,1.31977,1.3198,148
11/09/2017,07:53:00,1.3198,1.31993,1.3198,1.31992,64
11/09/2017,07:54:00,1.31991,1.31994,1.31982,1.31983,90
11/09/2017,07:55:00,1.31984,1.31984,1.31971,1.31975,57
11/09/2017,07:56:00,1.31974,1.31975,1.31964,1.31964,64
11/09/2017,07:57:00,1.31964,1.31968,1.31959,1.31961,136
11/09/2017,07:58:00,1.31961,1.31978,1.31961,1.31975,145
11/09/2017,07:59:00,1.31974,1.31975,1.31946,1.31949,146
11/09/2017,08:00:00,1.31949,1.3197,1.31949,1.31968,132
11/09/2017,08:01:00,1.31968,1.31972,1.31956,1.31956,76
11/09/2017,08:02:00,1.31955,1.31957,1.31942,1.31951,116
11/09/2017,08:03:00,1.31951,1.31952,1.31938,1.31939,49
11/09/2017,08:04:00,1.31939,1.3195,1.31937,1.3194,110
11/09/2017,08:05:00,1.31941,1.31945,1.3193,1.31931,119
11/09/2017,08:06:00,1.31932,1.31935,1.31912,1.3192,141
11/09/2017,08:07:00,1.3192,1.31945,1.31909,1.3194,146
11/09/2017,08:08:00,1.31941,1.3195,1.31917,1.31917,190
11/09/2017,08:09:00,1.31918,1.31918,1.31903,1.31909,152
11/09/2017,08:10:00,1.31909,1.31914,1.31903,1.31912,100
11/09/2017,08:11:00,1.31912,1.31912,1.31903,1.31905,148
11/09/2017,08:12:00,1.31905,1.31918,1.31889,1.31918,150
11/09/2017,08:13:00,1.31919,1.31939,1.31918,1.3193,134
11/09/2017,08:14:00,1.3193,1.31936,1.31927,1.3193,58
11/09/2017,08:15:00,1.3193,1.3193,1.31908,1.31913,118
11/09/2017,08:16:00,1.31913,1.31918,1.31909,1.3191,120
11/09/2017,08:17:00,1.3191,1.3191,1.31883,1.31909,200
11/09/2017,08:18:00,1.31909,1.3191,1.31873,1.31874,184
11/09/2017,08:19:00,1.31873,1.31887,1.31865,1.31887,103
11/09/2017,08:20:00,1.31887,1.31894,1.31878,1.31891,114
11/09/2017,08:21:00,1.31891,1.31908,1.31891,1.31908,86
11/09/2017,08:22:00,1.31908,1.31927,1.31908,1.31919,99
11/09/2017,08:23:00,1.31919,1.31921,1.31917,1.31917,30
11/09/2017,08:24:00,1.31917,1.31926,1.31904,1.31924,151
11/09/2017,08:25:00,1.31924,1.31936,1.31924,1.31929,70
11/09/2017,08:26:00,1.31929,1.31938,1.31928,1.31934,87
11/09/2017,08:27:00,1.31935,1.31941,1.31934,1.31939,52
11/09/2017,08:28:00,1.31939,1.31947,1.31919,1.31945,193
11/09/2017,08:29:00,1.31945,1.31946,1.31926,1.31929,155
11/09/2017,08:30:00,1.31929,1.31929,1.31904,1.31907,173
11/09/2017,08:31:00,1.31906,1.31922,1.31906,1.31914,132
11/09/2017,08:32:00,1.31917,1.31922,1.31907,1.31911,75
11/09/2017,08:33:00,1.3191,1.31914,1.31909,1.31912,47
11/09/2017,08:34:00,1.31911,1.31915,1.31894,1.31894,132
11/09/2017,08:35:00,1.31893,1.31909,1.31885,1.31885,231
11/09/2017,08:36:00,1.31892,1.31897,1.31878,1.31884,130
11/09/2017,08:37:00,1.31878,1.31886,1.31878,1.31883,131
11/09/2017,08:38:00,1.31883,1.31888,1.31878,1.31885,166
11/09/2017,08:39:00,1.31885,1.31927,1.31881,1.31904,237
11/09/2017,08:40:00,1.31905,1.31934,1.31905,1.31923,226
11/09/2017,08:41:00,1.31923,1.31934,1.31909,1.31926,225
11/09/2017,08:42:00,1.31922,1.31944,1.31914,1.31935,268
11/09/2017,08:43:00,1.31934,1.31942,1.31887,1.31895,260
11/09/2017,08:44:00,1.31891,1.31916,1.31891,1.31902,201
11/09/2017,08:45:00,1.31905,1.31926,1.31903,1.31925,132
11/09/2017,08:46:00,1.31917,1.31936,1.31911,1.31931,191
11/09/2017,08:47:00,1.31927,1.31954,1.31922,1.31947,281
11/09/2017,08:48:00,1.31954,1.31973,1.31941,1.31973,220
11/09/2017,08:49:00,1.31971,1.3199,1.31969,1.31974,195
11/09/2017,08:50:00,1.31979,1.31981,1.31968,1.31968,128
11/09/2017,08:51:00,1.31968,1.31977,1.31967,1.31976,70
11/09/2017,08:52:00,1.31976,1.31988,1.31968,1.31971,97
11/09/2017,08:53:00,1.3197,1.31972,1.31958,1.31961,124
11/09/2017,08:54:00,1.3196,1.31973,1.31957,1.31971,93
11/09/2017,08:55:00,1.31972,1.31996,1.31972,1.31989,222
11/09/2017,08:56:00,1.31989,1.31998,1.31984,1.31992,154
11/09/2017,08:57:00,1.31992,1.31992,1.31978,1.31978,141
11/09/2017,08:58:00,1.31979,1.31997,1.31975,1.31989,148
11/09/2017,08:59:00,1.31989,1.31998,1.31983,1.31983,214
11/09/2017,09:00:00,1.31987,1.31998,1.31976,1.31994,215
11/09/2017,09:01:00,1.31997,1.32001,1.3199,1.31998,154
11/09/2017,09:02:00,1.31999,1.32011,1.31994,1.32006,306
11/09/2017,09:03:00,1.32009,1.3201,1.32,1.32007,131
11/09/2017,09:04:00,1.32008,1.32034,1.32003,1.32024,299
11/09/2017,09:05:00,1.32024,1.32033,1.32013,1.32021,230
11/09/2017,09:06:00,1.3202,1.32021,1.31995,1.32004,209
11/09/2017,09:07:00,1.32003,1.32005,1.31961,1.31968,265
11/09/2017,09:08:00,1.31969,1.31979,1.31966,1.31979,78
11/09/2017,09:09:00,1.31978,1.31989,1.31978,1.31989,92
11/09/2017,09:10:00,1.3199,1.32007,1.31986,1.32,78
11/09/2017,09:11:00,1.32,1.32011,1.31999,1.32011,113
11/09/2017,09:12:00,1.32011,1.3202,1.31999,1.3201,206
11/09/2017,09:13:00,1.32011,1.32011,1.31996,1.31998,80
11/09/2017,09:14:00,1.31998,1.32003,1.31995,1.32,63
11/09/2017,09:15:00,1.32,1.32,1.31985,1.31989,71
11/09/2017,09:16:00,1.31991,1.31991,1.31947,1.31948,153
11/09/2017,09:17:00,1.31948,1.31948,1.31922,1.31927,176
11/09/2017,09:18:00,1.31927,1.31959,1.31924,1.31949,157
11/09/2017,09:19:00,1.3195,1.31955,1.31942,1.31955,110
11/09/2017,09:20:00,1.31955,1.31961,1.31927,1.3193,87
11/09/2017,09:21:00,1.3193,1.3193,1.31919,1.31929,94
11/09/2017,09:22:00,1.31929,1.31929,1.31915,1.31919,74
11/09/2017,09:23:00,1.3192,1.3192,1.31884,1.31896,242
11/09/2017,09:24:00,1.31896,1.31901,1.3189,1.31899,188
11/09/2017,09:25:00,1.319,1.31902,1.31879,1.31889,109
11/09/2017,09:26:00,1.3189,1.31901,1.3189,1.31901,95
11/09/2017,09:27:00,1.31901,1.31902,1.31888,1.3189,100
11/09/2017,09:28:00,1.3189,1.31893,1.31884,1.3189,53
11/09/2017,09:29:00,1.31889,1.31891,1.3185,1.31863,199
11/09/2017,09:30:00,1.31864,1.31871,1.3186,1.31871,116
11/09/2017,09:31:00,1.31871,1.31888,1.31866,1.31882,203
11/09/2017,09:32:00,1.31883,1.319,1.31883,1.3189,152
11/09/2017,09:33:00,1.3189,1.3189,1.31853,1.31856,117
11/09/2017,09:34:00,1.31856,1.31883,1.31855,1.31879,107
11/09/2017,09:35:00,1.31878,1.31881,1.31852,1.31852,226
11/09/2017,09:36:00,1.31852,1.31855,1.31834,1.31849,202
11/09/2017,09:37:00,1.3185,1.31872,1.31846,1.31861,210
11/09/2017,09:38:00,1.31863,1.31863,1.31839,1.31859,152
11/09/2017,09:39:00,1.31859,1.31866,1.31849,1.3185,116
11/09/2017,09:40:00,1.3185,1.31857,1.31825,1.31828,189
11/09/2017,09:41:00,1.31828,1.31837,1.3182,1.31821,168
11/09/2017,09:42:00,1.3182,1.31821,1.31806,1.31817,150
11/09/2017,09:43:00,1.31817,1.3183,1.31817,1.31829,77
11/09/2017,09:44:00,1.31829,1.31831,1.31825,1.31826,72
11/09/2017,09:45:00,1.31826,1.31829,1.31814,1.31829,131
11/09/2017,09:46:00,1.31829,1.31837,1.31819,1.31837,121
11/09/2017,09:47:00,1.31837,1.31837,1.31829,1.31833,71
11/09/2017,09:48:00,1.31833,1.31847,1.3183,1.3183,145
11/09/2017,09:49:00,1.31829,1.31842,1.31829,1.3184,84
11/09/2017,09:50:00,1.31841,1.31845,1.31822,1.31823,117
11/09/2017,09:51:00,1.31823,1.31824,1.31808,1.31819,254
11/09/2017,09:52:00,1.3182,1.31841,1.31818,1.3184,139
11/09/2017,09:53:00,1.31841,1.31853,1.31839,1.31852,92
11/09/2017,09:54:00,1.31851,1.31852,1.3183,1.31839,225
11/09/2017,09:55:00,1.31839,1.31853,1.31839,1.3185,90
11/09/2017,09:56:00,1.3185,1.31854,1.31848,1.31851,66
11/09/2017,09:57:00,1.31851,1.31871,1.31848,1.31866,200
11/09/2017,09:58:00,1.31866,1.31866,1.31833,1.31835,303
11/09/2017,09:59:00,1.3184,1.3184,1.31819,1.31828,198
11/09/2017,10:00:00,1.31829,1.31848,1.31821,1.31839,279
11/09/2017,10:01:00,1.31838,1.3185,1.31838,1.31843,238
11/09/2017,10:02:00,1.31845,1.31848,1.31828,1.31835,214
11/09/2017,10:03:00,1.31835,1.31842,1.31829,1.31842,108
11/09/2017,10:04:00,1.31843,1.31865,1.31839,1.31862,214
11/09/2017,10:05:00,1.31862,1.31867,1.31851,1.31854,120
11/09/2017,10:06:00,1.31853,1.31854,1.31831,1.31833,163
11/09/2017,10:07:00,1.31833,1.31833,1.3182,1.3183,164
11/09/2017,10:08:00,1.31831,1.31858,1.31829,1.3185,117
11/09/2017,10:09:00,1.3185,1.31851,1.3184,1.31845,92
11/09/2017,10:10:00,1.31846,1.31852,1.31827,1.31833,159
11/09/2017,10:11:00,1.31832,1.31833,1.31816,1.31822,84
11/09/2017,10:12:00,1.31822,1.31826,1.31811,1.31825,183
11/09/2017,10:13:00,1.31825,1.31832,1.3182,1.3182,129
11/09/2017,10:14:00,1.3182,1.31822,1.31804,1.31805,147
11/09/2017,10:15:00,1.31805,1.31806,1.31799,1.31801,148
11/09/2017,10:16:00,1.318,1.31807,1.318,1.31804,88
11/09/2017,10:17:00,1.31804,1.31804,1.31769,1.31771,128
11/09/2017,10:18:00,1.31771,1.31772,1.31763,1.31767,109
11/09/2017,10:19:00,1.31768,1.31779,1.31766,1.31779,67
11/09/2017,10:20:00,1.31779,1.3179,1.3177,1.31782,126
11/09/2017,10:21:00,1.31782,1.31783,1.31774,1.31778,101
11/09/2017,10:22:00,1.31778,1.31802,1.31778,1.31798,97
11/09/2017,10:23:00,1.31797,1.31807,1.3179,1.31791,111
11/09/2017,10:24:00,1.31791,1.31791,1.31771,1.31779,220
11/09/2017,10:25:00,1.31778,1.31782,1.31769,1.3178,82
11/09/2017,10:26:00,1.31781,1.31781,1.31775,1.31776,70
11/09/2017,10:27:00,1.31775,1.31779,1.31759,1.31779,154
11/09/2017,10:28:00,1.31778,1.3178,1.31771,1.31771,85
11/09/2017,10:29:00,1.31771,1.31772,1.3176,1.31761,98
11/09/2017,10:30:00,1.31762,1.31796,1.31761,1.31777,295
11/09/2017,10:31:00,1.31777,1.31788,1.31777,1.31788,118
11/09/2017,10:32:00,1.31788,1.31801,1.31782,1.31799,215
11/09/2017,10:33:00,1.31799,1.31809,1.3178,1.31788,167
11/09/2017,10:34:00,1.31789,1.3179,1.31761,1.3177,188
11/09/2017,10:35:00,1.3177,1.3177,1.31749,1.31749,126
11/09/2017,10:36:00,1.31748,1.31759,1.31744,1.31746,88
11/09/2017,10:37:00,1.31746,1.31748,1.31735,1.31739,100
11/09/2017,10:38:00,1.31739,1.31757,1.31739,1.31749,113
11/09/2017,10:39:00,1.31749,1.31767,1.31748,1.31763,121
11/09/2017,10:40:00,1.31763,1.31763,1.31742,1.31752,141
11/09/2017,10:41:00,1.31752,1.31753,1.3174,1.3174,96
11/09/2017,10:42:00,1.31741,1.31741,1.31723,1.31737,133
11/09/2017,10:43:00,1.31738,1.31743,1.31724,1.31731,107
11/09/2017,10:44:00,1.31731,1.31747,1.31731,1.31741,136
11/09/2017,10:45:00,1.31741,1.31747,1.31738,1.31739,86
11/09/2017,10:46:00,1.3174,1.31742,1.31732,1.31732,48
11/09/2017,10:47:00,1.31732,1.31732,1.3172,1.3172,57
11/09/2017,10:48:00,1.3172,1.31721,1.31699,1.31701,174
11/09/2017,10:49:00,1.317,1.31712,1.317,1.31708,128
11/09/2017,10:50:00,1.31709,1.31715,1.317,1.31702,151
11/09/2017,10:51:00,1.31702,1.31703,1.31668,1.31685,325
11/09/2017,10:52:00,1.31686,1.31697,1.31669,1.31681,218
11/09/2017,10:53:00,1.31681,1.317,1.31667,1.317,195
11/09/2017,10:54:00,1.317,1.3172,1.31697,1.31715,167
11/09/2017,10:55:00,1.31716,1.31721,1.31714,1.31719,47
11/09/2017,10:56:00,1.31718,1.31719,1.31706,1.31711,171
11/09/2017,10:57:00,1.31712,1.31737,1.31709,1.31737,102
11/09/2017,10:58:00,1.31737,1.31741,1.31726,1.3173,126
11/09/2017,10:59:00,1.3173,1.31731,1.31719,1.31721,111
11/09/2017,11:00:00,1.31721,1.3173,1.31716,1.3173,49
11/09/2017,11:01:00,1.3173,1.31742,1.31728,1.31738,67
11/09/2017,11:02:00,1.31739,1.31748,1.31738,1.31743,54
11/09/2017,11:03:00,1.31743,1.31745,1.3172,1.3172,125
11/09/2017,11:04:00,1.3172,1.3174,1.31718,1.3174,119
11/09/2017,11:05:00,1.31739,1.3175,1.31736,1.31743,63
11/09/2017,11:06:00,1.31743,1.31751,1.3174,1.31751,75
11/09/2017,11:07:00,1.31751,1.31751,1.31732,1.31732,140
11/09/2017,11:08:00,1.31732,1.3174,1.31722,1.31728,156
11/09/2017,11:09:00,1.31728,1.31751,1.31728,1.3175,111
11/09/2017,11:10:00,1.3175,1.31753,1.31745,1.31748,98
11/09/2017,11:11:00,1.31749,1.31767,1.31742,1.31755,155
11/09/2017,11:12:00,1.31755,1.3176,1.31749,1.3176,80
11/09/2017,11:13:00,1.3176,1.31762,1.31749,1.31749,93
11/09/2017,11:14:00,1.3175,1.31753,1.31716,1.31716,150
11/09/2017,11:15:00,1.31716,1.31719,1.31706,1.31713,141
11/09/2017,11:16:00,1.31713,1.31713,1.31704,1.3171,48
11/09/2017,11:17:00,1.3171,1.31715,1.31705,1.31709,86
11/09/2017,11:18:00,1.31709,1.3171,1.31684,1.31686,123
11/09/2017,11:19:00,1.31686,1.31702,1.31673,1.31701,98
11/09/2017,11:20:00,1.317,1.31715,1.317,1.31706,87
11/09/2017,11:21:00,1.31704,1.31715,1.31704,1.31708,81
11/09/2017,11:22:00,1.31708,1.31708,1.31694,1.31699,93
11/09/2017,11:23:00,1.317,1.31751,1.31698,1.31748,131
11/09/2017,11:24:00,1.31748,1.3177,1.31745,1.31769,153
11/09/2017,11:25:00,1.31769,1.31769,1.31761,1.31768,151
11/09/2017,11:26:00,1.31769,1.3177,1.31741,1.31741,108
11/09/2017,11:27:00,1.31742,1.31771,1.31742,1.31769,129
11/09/2017,11:28:00,1.31769,1.3177,1.3174,1.31752,125
11/09/2017,11:29:00,1.31755,1.31755,1.31739,1.31739,72
11/09/2017,11:30:00,1.31739,1.3177,1.31739,1.31764,143
11/09/2017,11:31:00,1.31765,1.31769,1.31759,1.31761,64
11/09/2017,11:32:00,1.3176,1.31773,1.3176,1.3177,78
11/09/2017,11:33:00,1.3177,1.31771,1.31765,1.3177,51
11/09/2017,11:34:00,1.3177,1.31801,1.31768,1.31781,161
11/09/2017,11:35:00,1.31781,1.31794,1.31779,1.31794,114
11/09/2017,11:36:00,1.31794,1.318,1.31791,1.31796,75
11/09/2017,11:37:00,1.31797,1.318,1.3179,1.31797,153
11/09/2017,11:38:00,1.31797,1.31801,1.31791,1.31793,109
11/09/2017,11:39:00,1.31793,1.318,1.31768,1.31777,159
11/09/2017,11:40:00,1.31777,1.31777,1.31769,1.31771,81
11/09/2017,11:41:00,1.31771,1.31771,1.31761,1.31764,82
11/09/2017,11:42:00,1.31765,1.3177,1.31761,1.31764,77
11/09/2017,11:43:00,1.31763,1.31766,1.31755,1.31765,91
11/09/2017,11:44:00,1.31764,1.31764,1.31751,1.31752,69
11/09/2017,11:45:00,1.31753,1.31756,1.3175,1.31752,60
11/09/2017,11:46:00,1.31752,1.31758,1.31748,1.3175,91
11/09/2017,11:47:00,1.3175,1.31752,1.31747,1.31749,25
11/09/2017,11:48:00,1.31749,1.31757,1.31746,1.31755,51
11/09/2017,11:49:00,1.31756,1.31769,1.31756,1.31765,77
11/09/2017,11:50:00,1.31764,1.31778,1.31764,1.31777,52
11/09/2017,11:51:00,1.31777,1.31778,1.31764,1.31768,62
11/09/2017,11:52:00,1.31768,1.31769,1.31764,1.31767,41
11/09/2017,11:53:00,1.31767,1.3178,1.31764,1.31774,76
11/09/2017,11:54:00,1.31774,1.31784,1.31774,1.31778,63
11/09/2017,11:55:00,1.31779,1.31781,1.31757,1.31758,105
11/09/2017,11:56:00,1.31759,1.31763,1.31753,1.31759,83
11/09/2017,11:57:00,1.31759,1.31763,1.31754,1.31758,71
11/09/2017,11:58:00,1.31759,1.31765,1.3175,1.31752,95
11/09/2017,11:59:00,1.31752,1.31782,1.31751,1.31781,97
11/09/2017,12:00:00,1.31781,1.31802,1.31775,1.31781,146
11/09/2017,12:01:00,1.31781,1.31791,1.3178,1.3179,59
11/09/2017,12:02:00,1.3179,1.3179,1.31754,1.31759,178
11/09/2017,12:03:00,1.3176,1.31761,1.31754,1.31759,53
11/09/2017,12:04:00,1.31759,1.31768,1.31747,1.31747,143
11/09/2017,12:05:00,1.31748,1.31749,1.3172,1.3172,189
11/09/2017,12:06:00,1.3172,1.3172,1.31701,1.31705,179
11/09/2017,12:07:00,1.31706,1.31708,1.31692,1.31698,150
11/09/2017,12:08:00,1.31698,1.31709,1.31696,1.31708,77
11/09/2017,12:09:00,1.31709,1.31724,1.31709,1.3172,101
11/09/2017,12:10:00,1.3172,1.31726,1.31715,1.31726,67
11/09/2017,12:11:00,1.31726,1.3173,1.31721,1.31729,87
11/09/2017,12:12:00,1.31729,1.31731,1.31724,1.31728,63
11/09/2017,12:13:00,1.31728,1.31728,1.31723,1.31724,51
11/09/2017,12:14:00,1.31724,1.31731,1.31722,1.31724,74
11/09/2017,12:15:00,1.31724,1.31729,1.31722,1.31727,50
11/09/2017,12:16:00,1.31727,1.3174,1.31727,1.31736,93
11/09/2017,12:17:00,1.31737,1.31738,1.31729,1.3173,86
11/09/2017,12:18:00,1.31731,1.31739,1.3173,1.31738,61
11/09/2017,12:19:00,1.31737,1.3175,1.31737,1.31749,68
11/09/2017,12:20:00,1.31748,1.31749,1.31739,1.31742,87
11/09/2017,12:21:00,1.31741,1.31741,1.31731,1.31733,90
11/09/2017,12:22:00,1.31732,1.31733,1.31714,1.31714,131
11/09/2017,12:23:00,1.31713,1.31713,1.31698,1.31702,108
11/09/2017,12:24:00,1.31702,1.31703,1.31684,1.31696,120
11/09/2017,12:25:00,1.31696,1.31697,1.31685,1.31697,105
11/09/2017,12:26:00,1.31697,1.31721,1.31697,1.31717,127
11/09/2017,12:27:00,1.31717,1.31722,1.31716,1.31719,59
11/09/2017,12:28:00,1.31719,1.31723,1.31715,1.31722,72
11/09/2017,12:29:00,1.31723,1.31723,1.31713,1.31717,81
11/09/2017,12:30:00,1.31717,1.31719,1.31714,1.31719,69
11/09/2017,12:31:00,1.31719,1.31729,1.31719,1.31725,52
11/09/2017,12:32:00,1.31724,1.31741,1.31724,1.31739,72
11/09/2017,12:33:00,1.31739,1.31742,1.31732,1.31739,69
11/09/2017,12:34:00,1.31739,1.31741,1.31735,1.31738,64
11/09/2017,12:35:00,1.31738,1.31741,1.31737,1.31741,46
11/09/2017,12:36:00,1.31741,1.31748,1.31735,1.31746,56
11/09/2017,12:37:00,1.31747,1.3176,1.31747,1.31751,61
11/09/2017,12:38:00,1.31751,1.31759,1.31749,1.31759,59
11/09/2017,12:39:00,1.31759,1.3176,1.3174,1.3174,107
11/09/2017,12:40:00,1.3174,1.31749,1.31738,1.31749,53
11/09/2017,12:41:00,1.3175,1.31759,1.31747,1.31756,64
11/09/2017,12:42:00,1.31757,1.31771,1.31757,1.31767,66
11/09/2017,12:43:00,1.31767,1.31774,1.31762,1.31772,77
11/09/2017,12:44:00,1.31772,1.31773,1.31765,1.3177,38
11/09/2017,12:45:00,1.31769,1.31769,1.31761,1.31762,125
11/09/2017,12:46:00,1.31761,1.31769,1.3176,1.31767,67
11/09/2017,12:47:00,1.31767,1.31768,1.31751,1.31751,102
11/09/2017,12:48:00,1.31751,1.31752,1.31739,1.31742,68
11/09/2017,12:49:00,1.31742,1.31743,1.3174,1.3174,30
11/09/2017,12:50:00,1.3174,1.3175,1.3169,1.31705,428
11/09/2017,12:51:00,1.31705,1.31712,1.317,1.31704,136
11/09/2017,12:52:00,1.31704,1.31713,1.31699,1.31713,68
11/09/2017,12:53:00,1.31713,1.31731,1.3171,1.31731,86
11/09/2017,12:54:00,1.31731,1.31733,1.31728,1.31731,85
11/09/2017,12:55:00,1.31731,1.31732,1.31731,1.31732,37
11/09/2017,12:56:00,1.31732,1.31752,1.31731,1.31752,78
11/09/2017,12:57:00,1.31751,1.31754,1.31748,1.31754,45
11/09/2017,12:58:00,1.31754,1.31754,1.3173,1.31737,98
11/09/2017,12:59:00,1.31735,1.31742,1.31734,1.31741,68
11/09/2017,13:00:00,1.31741,1.31745,1.3174,1.31741,46
11/09/2017,13:01:00,1.31741,1.31742,1.31731,1.31734,93
11/09/2017,13:02:00,1.31733,1.31739,1.31729,1.31733,116
11/09/2017,13:03:00,1.31733,1.31741,1.31732,1.31736,60
11/09/2017,13:04:00,1.31737,1.31751,1.31736,1.3175,57
11/09/2017,13:05:00,1.31749,1.3176,1.31749,1.31759,50
11/09/2017,13:06:00,1.3176,1.3176,1.31748,1.31751,87
11/09/2017,13:07:00,1.31751,1.31752,1.31748,1.3175,24
11/09/2017,13:08:00,1.3175,1.31752,1.31748,1.31752,41
11/09/2017,13:09:00,1.31752,1.31759,1.31747,1.31759,79
11/09/2017,13:10:00,1.31759,1.31759,1.31749,1.31759,67
11/09/2017,13:11:00,1.3176,1.3176,1.31757,1.31759,14
11/09/2017,13:12:00,1.31759,1.31761,1.31758,1.3176,84
11/09/2017,13:13:00,1.3176,1.3176,1.31754,1.3176,69
11/09/2017,13:14:00,1.3176,1.3176,1.31758,1.3176,76
11/09/2017,13:15:00,1.3176,1.3176,1.31749,1.31753,45
11/09/2017,13:16:00,1.31754,1.31755,1.31748,1.31751,39
11/09/2017,13:17:00,1.31751,1.31759,1.31751,1.31756,34
11/09/2017,13:18:00,1.31757,1.31759,1.31741,1.31745,97
11/09/2017,13:19:00,1.31744,1.31747,1.31739,1.31745,40
11/09/2017,13:20:00,1.31744,1.3175,1.31742,1.31742,69
11/09/2017,13:21:00,1.31741,1.31758,1.31739,1.31758,100
11/09/2017,13:22:00,1.31758,1.31758,1.31753,1.31757,45
11/09/2017,13:23:00,1.31758,1.31759,1.31757,1.31759,28
11/09/2017,13:24:00,1.3176,1.3176,1.31745,1.31745,83
11/09/2017,13:25:00,1.31745,1.31747,1.31739,1.31744,92
11/09/2017,13:26:00,1.31743,1.31744,1.31737,1.3174,47
11/09/2017,13:27:00,1.3174,1.31749,1.31729,1.3173,79
11/09/2017,13:28:00,1.31729,1.31729,1.31723,1.31726,51
11/09/2017,13:29:00,1.31727,1.31727,1.31712,1.31722,149
11/09/2017,13:30:00,1.31723,1.31725,1.31714,1.31715,81
11/09/2017,13:31:00,1.31715,1.31718,1.31715,1.31715,44
11/09/2017,13:32:00,1.31715,1.31737,1.31715,1.31735,116
11/09/2017,13:33:00,1.31736,1.31741,1.31736,1.31741,35
11/09/2017,13:34:00,1.3174,1.31748,1.31735,1.31742,52
11/09/2017,13:35:00,1.31742,1.31742,1.31739,1.31741,18
11/09/2017,13:36:00,1.31741,1.31749,1.3174,1.31746,63
11/09/2017,13:37:00,1.31747,1.31758,1.31746,1.31755,65
11/09/2017,13:38:00,1.31755,1.31762,1.31754,1.31757,40
11/09/2017,13:39:00,1.31755,1.31758,1.31749,1.3175,66
11/09/2017,13:40:00,1.3175,1.31753,1.3175,1.31751,46
11/09/2017,13:41:00,1.31751,1.31757,1.31749,1.31752,35
11/09/2017,13:42:00,1.31752,1.31752,1.31732,1.31736,104
11/09/2017,13:43:00,1.31738,1.31741,1.31735,1.31739,44
11/09/2017,13:44:00,1.31739,1.31753,1.31739,1.31753,65
11/09/2017,13:45:00,1.31754,1.31754,1.31747,1.31752,25
11/09/2017,13:46:00,1.31751,1.31752,1.3175,1.31751,23
11/09/2017,13:47:00,1.31751,1.31751,1.31748,1.31751,26
11/09/2017,13:48:00,1.31752,1.31754,1.31749,1.31754,22
11/09/2017,13:49:00,1.31754,1.31754,1.3174,1.31741,62
11/09/2017,13:50:00,1.3174,1.31742,1.31738,1.31741,29
11/09/2017,13:51:00,1.3174,1.31741,1.31739,1.3174,25
11/09/2017,13:52:00,1.3174,1.31743,1.31739,1.31739,26
11/09/2017,13:53:00,1.3174,1.3175,1.31739,1.31749,55
11/09/2017,13:54:00,1.31748,1.31753,1.31746,1.31751,26
11/09/2017,13:55:00,1.31751,1.31753,1.31747,1.31748,16
11/09/2017,13:56:00,1.31749,1.31757,1.31749,1.3175,47
11/09/2017,13:57:00,1.3175,1.31751,1.31748,1.3175,31
11/09/2017,13:58:00,1.3175,1.31752,1.31743,1.31744,46
11/09/2017,13:59:00,1.31744,1.31744,1.31732,1.3174,116
11/09/2017,14:00:00,1.31737,1.3174,1.31731,1.31733,89
11/09/2017,14:01:00,1.31734,1.31735,1.3173,1.3173,84
11/09/2017,14:02:00,1.31731,1.3174,1.31729,1.31738,59
11/09/2017,14:03:00,1.31739,1.31739,1.31721,1.31722,121
11/09/2017,14:04:00,1.31722,1.31723,1.3172,1.31722,47
11/09/2017,14:05:00,1.31722,1.31723,1.31719,1.31719,35
11/09/2017,14:06:00,1.31719,1.3172,1.31717,1.31718,20
11/09/2017,14:07:00,1.31718,1.31718,1.31688,1.3169,120
11/09/2017,14:08:00,1.3169,1.31691,1.31685,1.31687,55
11/09/2017,14:09:00,1.31687,1.31688,1.31649,1.31649,147
11/09/2017,14:10:00,1.31649,1.31649,1.31635,1.31639,118
11/09/2017,14:11:00,1.31639,1.3165,1.31635,1.31649,84
11/09/2017,14:12:00,1.31649,1.31651,1.31632,1.31639,112
11/09/2017,14:13:00,1.31639,1.3164,1.31632,1.31635,101
11/09/2017,14:14:00,1.31635,1.31637,1.31629,1.31629,44
11/09/2017,14:15:00,1.31629,1.31633,1.31624,1.31624,31
11/09/2017,14:16:00,1.31625,1.31626,1.31619,1.31621,40
11/09/2017,14:17:00,1.31621,1.31627,1.31617,1.31623,41
11/09/2017,14:18:00,1.31623,1.31631,1.31623,1.3163,65
11/09/2017,14:19:00,1.3163,1.3164,1.31621,1.31638,105
11/09/2017,14:20:00,1.31639,1.31651,1.31639,1.31642,57
11/09/2017,14:21:00,1.31643,1.3165,1.31643,1.31644,89
11/09/2017,14:22:00,1.31644,1.3165,1.31644,1.31648,53
11/09/2017,14:23:00,1.31649,1.31651,1.31649,1.31651,31
11/09/2017,14:24:00,1.31651,1.31651,1.3164,1.31643,97
11/09/2017,14:25:00,1.31643,1.31643,1.31624,1.31625,82
11/09/2017,14:26:00,1.31624,1.31628,1.3162,1.31622,51
11/09/2017,14:27:00,1.31622,1.31622,1.31619,1.31621,22
11/09/2017,14:28:00,1.31622,1.3163,1.31614,1.3163,51
11/09/2017,14:29:00,1.3163,1.31642,1.31625,1.31639,131
11/09/2017,14:30:00,1.31639,1.31642,1.31625,1.31639,211
11/09/2017,14:31:00,1.31639,1.3165,1.31636,1.31641,105
11/09/2017,14:32:00,1.31641,1.31654,1.31639,1.31654,157
11/09/2017,14:33:00,1.31654,1.31673,1.31652,1.31673,179
11/09/2017,14:34:00,1.31673,1.31673,1.31654,1.31654,121
11/09/2017,14:35:00,1.31653,1.3166,1.31646,1.3166,78
11/09/2017,14:36:00,1.31659,1.31661,1.31652,1.31656,46
11/09/2017,14:37:00,1.31656,1.31662,1.31655,1.31658,39
11/09/2017,14:38:00,1.31658,1.31664,1.31658,1.31659,41
11/09/2017,14:39:00,1.31659,1.3166,1.31649,1.31651,84
11/09/2017,14:40:00,1.31651,1.31651,1.3164,1.31642,90
11/09/2017,14:41:00,1.31641,1.31641,1.3163,1.31632,52
11/09/2017,14:42:00,1.31633,1.31633,1.31626,1.31629,27
11/09/2017,14:43:00,1.3163,1.3163,1.3162,1.31621,76
11/09/2017,14:44:00,1.31621,1.31627,1.31611,1.31611,69
11/09/2017,14:45:00,1.31611,1.31624,1.31608,1.31621,85
11/09/2017,14:46:00,1.31622,1.31634,1.31621,1.31628,101
11/09/2017,14:47:00,1.31628,1.31635,1.31628,1.31631,70
11/09/2017,14:48:00,1.31632,1.31638,1.31628,1.31635,52
11/09/2017,14:49:00,1.31636,1.31644,1.31635,1.3164,52
11/09/2017,14:50:00,1.31641,1.31642,1.3164,1.31642,34
11/09/2017,14:51:00,1.31643,1.3166,1.31643,1.31658,67
11/09/2017,14:52:00,1.31659,1.31669,1.31659,1.31666,72
11/09/2017,14:53:00,1.31666,1.31683,1.31666,1.31681,84
11/09/2017,14:54:00,1.31681,1.31688,1.3168,1.31687,120
11/09/2017,14:55:00,1.31686,1.3169,1.31675,1.31675,86
11/09/2017,14:56:00,1.31674,1.31675,1.31667,1.31668,36
11/09/2017,14:57:00,1.31668,1.31668,1.31658,1.31658,40
11/09/2017,14:58:00,1.31658,1.31669,1.31658,1.31661,71
11/09/2017,14:59:00,1.31661,1.31667,1.3166,1.31666,59
11/09/2017,15:00:00,1.31666,1.31668,1.31662,1.31663,45
11/09/2017,15:01:00,1.31662,1.31666,1.31659,1.3166,88
11/09/2017,15:02:00,1.3166,1.31663,1.31659,1.31659,107
11/09/2017,15:03:00,1.31659,1.3166,1.31647,1.3165,55
11/09/2017,15:04:00,1.31651,1.31651,1.31647,1.31648,25
11/09/2017,15:05:00,1.31648,1.31649,1.31646,1.31647,24
11/09/2017,15:06:00,1.31646,1.3165,1.31638,1.3165,70
11/09/2017,15:07:00,1.31649,1.3165,1.31645,1.31648,45
11/09/2017,15:08:00,1.31649,1.31649,1.31647,1.31647,22
11/09/2017,15:09:00,1.31648,1.31649,1.31647,1.31648,19
11/09/2017,15:10:00,1.31648,1.3165,1.31648,1.31648,20
11/09/2017,15:11:00,1.31648,1.31656,1.31648,1.31652,28
11/09/2017,15:12:00,1.31652,1.31659,1.31652,1.31657,36
11/09/2017,15:13:00,1.31657,1.3166,1.31653,1.31654,32
11/09/2017,15:14:00,1.31655,1.31661,1.31655,1.31658,31
11/09/2017,15:15:00,1.31658,1.3166,1.31656,1.31659,35
11/09/2017,15:16:00,1.31658,1.3166,1.31656,1.31657,26
11/09/2017,15:17:00,1.31657,1.31657,1.31647,1.3165,61
11/09/2017,15:18:00,1.31649,1.31651,1.31646,1.3165,39
11/09/2017,15:19:00,1.3165,1.3165,1.31645,1.31645,22
11/09/2017,15:20:00,1.31646,1.31651,1.31646,1.3165,11
11/09/2017,15:21:00,1.31651,1.31662,1.3165,1.3166,45
11/09/2017,15:22:00,1.3166,1.31661,1.31659,1.3166,15
11/09/2017,15:23:00,1.3166,1.31661,1.31657,1.31659,34
11/09/2017,15:24:00,1.3166,1.31665,1.31658,1.31661,30
11/09/2017,15:25:00,1.3166,1.31661,1.31657,1.3166,31
11/09/2017,15:26:00,1.31661,1.31669,1.3166,1.31665,36
11/09/2017,15:27:00,1.31666,1.31671,1.31666,1.31668,28
11/09/2017,15:28:00,1.31668,1.3167,1.31668,1.3167,16
11/09/2017,15:29:00,1.3167,1.31671,1.31663,1.31669,77
11/09/2017,15:30:00,1.31669,1.31677,1.31662,1.31675,85
11/09/2017,15:31:00,1.31675,1.31678,1.31667,1.3167,74
11/09/2017,15:32:00,1.3167,1.31681,1.31662,1.31679,112
11/09/2017,15:33:00,1.31679,1.31681,1.31676,1.31678,50
11/09/2017,15:34:00,1.31679,1.31683,1.31678,1.31682,44
11/09/2017,15:35:00,1.31682,1.31686,1.31674,1.31681,87
11/09/2017,15:36:00,1.31681,1.31688,1.31664,1.31669,120
11/09/2017,15:37:00,1.31669,1.31671,1.31667,1.31668,79
11/09/2017,15:38:00,1.31669,1.31669,1.31655,1.31658,66
11/09/2017,15:39:00,1.31658,1.31669,1.31657,1.31666,56
11/09/2017,15:40:00,1.31666,1.3167,1.31666,1.31669,64
11/09/2017,15:41:00,1.31669,1.31671,1.31667,1.31668,43
11/09/2017,15:42:00,1.31668,1.31671,1.31666,1.31669,46
11/09/2017,15:43:00,1.31669,1.31669,1.31655,1.31669,157
11/09/2017,15:44:00,1.31669,1.31669,1.31664,1.31666,42
11/09/2017,15:45:00,1.31666,1.31687,1.31666,1.31684,84
11/09/2017,15:46:00,1.31684,1.31687,1.31677,1.31685,56
11/09/2017,15:47:00,1.31686,1.31688,1.31685,1.31687,26
11/09/2017,15:48:00,1.31687,1.31689,1.31685,1.31687,36
11/09/2017,15:49:00,1.31687,1.31688,1.31684,1.31687,29
11/09/2017,15:50:00,1.31687,1.31687,1.31684,1.31684,51
11/09/2017,15:51:00,1.31684,1.31684,1.31664,1.31667,92
11/09/2017,15:52:00,1.31668,1.3167,1.31667,1.31668,54
11/09/2017,15:53:00,1.31668,1.3167,1.31666,1.31666,54
11/09/2017,15:54:00,1.31667,1.31668,1.31665,1.31667,48
11/09/2017,15:55:00,1.31667,1.31667,1.31659,1.31666,51
11/09/2017,15:56:00,1.31667,1.31668,1.31654,1.31655,72
11/09/2017,15:57:00,1.31655,1.31658,1.31638,1.31638,102
11/09/2017,15:58:00,1.31638,1.31638,1.31627,1.31631,140
11/09/2017,15:59:00,1.3163,1.31631,1.31603,1.31603,105
11/09/2017,16:00:00,1.31602,1.31604,1.31596,1.31599,30
11/09/2017,16:01:00,1.316,1.31611,1.316,1.31608,40
11/09/2017,16:02:00,1.3161,1.31629,1.3161,1.31629,19
11/09/2017,16:03:00,1.31629,1.31635,1.31625,1.3163,24
11/09/2017,16:04:00,1.31629,1.31629,1.31625,1.31626,19
11/09/2017,16:05:00,1.31625,1.3163,1.31622,1.31625,102
11/09/2017,16:06:00,1.31626,1.31634,1.3162,1.31634,185
11/09/2017,16:07:00,1.31633,1.31637,1.31625,1.31634,47
11/09/2017,16:08:00,1.31635,1.31639,1.31635,1.31637,15
11/09/2017,16:09:00,1.31639,1.31639,1.31634,1.31637,21
11/09/2017,16:10:00,1.31637,1.31637,1.3162,1.3162,57
11/09/2017,16:11:00,1.31621,1.31634,1.3162,1.31632,46
11/09/2017,16:12:00,1.31633,1.31635,1.31632,1.31633,27
11/09/2017,16:13:00,1.31634,1.31641,1.31632,1.31633,47
11/09/2017,16:14:00,1.31634,1.31644,1.31619,1.3162,301
11/09/2017,16:15:00,1.3162,1.31633,1.3162,1.31631,56
11/09/2017,16:16:00,1.3163,1.31636,1.31622,1.31632,138
11/09/2017,16:17:00,1.31632,1.31638,1.3163,1.31638,17
11/09/2017,16:18:00,1.31638,1.31639,1.31631,1.31637,29
11/09/2017,16:19:00,1.31636,1.31639,1.3163,1.3163,30
11/09/2017,16:20:00,1.31629,1.31636,1.31625,1.31631,96
11/09/2017,16:21:00,1.31631,1.31634,1.3162,1.31634,117
11/09/2017,16:22:00,1.31635,1.31636,1.3162,1.31624,137
11/09/2017,16:23:00,1.31623,1.31639,1.31621,1.31638,51
11/09/2017,16:24:00,1.31639,1.31639,1.31621,1.31634,91
11/09/2017,16:25:00,1.31632,1.31638,1.31621,1.31637,177
11/09/2017,16:26:00,1.31637,1.31642,1.31634,1.31638,32
11/09/2017,16:27:00,1.31638,1.31638,1.3162,1.3162,238
11/09/2017,16:28:00,1.3162,1.31635,1.3162,1.31633,127
11/09/2017,16:29:00,1.31634,1.3164,1.31626,1.31632,68
11/09/2017,16:30:00,1.31631,1.31637,1.3162,1.31628,123
11/09/2017,16:31:00,1.31629,1.31639,1.31621,1.31638,78
11/09/2017,16:32:00,1.31637,1.31637,1.31632,1.31633,30
11/09/2017,16:33:00,1.31634,1.31634,1.3163,1.3163,37
11/09/2017,16:34:00,1.31631,1.31638,1.31628,1.31634,88
11/09/2017,16:35:00,1.31635,1.31635,1.31623,1.31623,55
11/09/2017,16:36:00,1.31625,1.31638,1.31614,1.31632,205
11/09/2017,16:37:00,1.31633,1.31637,1.31619,1.31635,63
11/09/2017,16:38:00,1.31636,1.31638,1.31627,1.31633,33
11/09/2017,16:39:00,1.31635,1.31638,1.31634,1.31635,41
11/09/2017,16:40:00,1.31635,1.3164,1.31633,1.31639,43
11/09/2017,16:41:00,1.3164,1.3164,1.31634,1.31636,50
11/09/2017,16:42:00,1.31637,1.31642,1.31637,1.31641,20
11/09/2017,16:43:00,1.31642,1.31642,1.31633,1.3164,29
11/09/2017,16:44:00,1.31641,1.31642,1.31639,1.3164,15
11/09/2017,16:45:00,1.31637,1.31642,1.31637,1.31641,30
11/09/2017,16:46:00,1.3164,1.31644,1.31632,1.31642,41
11/09/2017,16:47:00,1.3164,1.31646,1.31636,1.31643,42
11/09/2017,16:48:00,1.31644,1.31648,1.3164,1.31641,31
11/09/2017,16:49:00,1.31642,1.31648,1.3164,1.31646,23
11/09/2017,16:50:00,1.31645,1.31646,1.31634,1.31642,48
11/09/2017,16:51:00,1.31644,1.31649,1.31635,1.31648,64
11/09/2017,16:52:00,1.3165,1.31651,1.31642,1.31643,40
11/09/2017,16:53:00,1.31643,1.31645,1.31631,1.31639,99
11/09/2017,16:54:00,1.3164,1.31647,1.31638,1.31645,41
11/09/2017,16:55:00,1.31645,1.31651,1.31643,1.31649,50
11/09/2017,16:56:00,1.3165,1.31652,1.31639,1.31648,64
11/09/2017,16:57:00,1.31649,1.3166,1.3162,1.3166,121
11/09/2017,16:58:00,1.3166,1.31664,1.31657,1.31663,32
11/09/2017,16:59:00,1.31663,1.31666,1.31657,1.31664,37
11/09/2017,17:00:00,1.31662,1.31673,1.3165,1.31669,123
11/09/2017,17:01:00,1.31668,1.31676,1.31668,1.31674,22
11/09/2017,17:02:00,1.31673,1.31677,1.31671,1.31676,22
11/09/2017,17:03:00,1.31676,1.31695,1.31675,1.31689,152
11/09/2017,17:04:00,1.31689,1.31702,1.31687,1.31693,68
11/09/2017,17:05:00,1.31692,1.31702,1.31692,1.317,40
11/09/2017,17:06:00,1.31699,1.31704,1.31696,1.31702,61
11/09/2017,17:07:00,1.31701,1.31706,1.31697,1.31703,38
11/09/2017,17:08:00,1.31704,1.31731,1.31704,1.31731,117
11/09/2017,17:09:00,1.31732,1.31735,1.3173,1.31735,50
11/09/2017,17:10:00,1.31735,1.31737,1.31732,1.31734,53
11/09/2017,17:11:00,1.31734,1.31734,1.3173,1.31732,38
11/09/2017,17:12:00,1.31732,1.31734,1.31723,1.31729,87
11/09/2017,17:13:00,1.31729,1.31744,1.31728,1.31743,93
11/09/2017,17:14:00,1.31744,1.31746,1.31741,1.31745,34
11/09/2017,17:15:00,1.31746,1.31746,1.31733,1.31734,75
11/09/2017,17:16:00,1.31734,1.31735,1.31732,1.31733,47
11/09/2017,17:17:00,1.31733,1.31736,1.31733,1.31734,17
11/09/2017,17:18:00,1.31734,1.31734,1.31712,1.31725,70
11/09/2017,17:19:00,1.31725,1.31728,1.31711,1.31716,100
11/09/2017,17:20:00,1.31717,1.31717,1.31712,1.31716,44
11/09/2017,17:21:00,1.31715,1.31725,1.31715,1.31723,44
11/09/2017,17:22:00,1.31724,1.31731,1.31724,1.31731,35
11/09/2017,17:23:00,1.31731,1.31732,1.31725,1.31727,48
11/09/2017,17:24:00,1.31727,1.31736,1.31727,1.31736,36
11/09/2017,17:25:00,1.31737,1.31742,1.31736,1.31742,40
11/09/2017,17:26:00,1.31741,1.31741,1.31727,1.31731,93
11/09/2017,17:27:00,1.31732,1.31736,1.31728,1.31731,71
11/09/2017,17:28:00,1.31731,1.31731,1.31725,1.31728,66
11/09/2017,17:29:00,1.31728,1.31729,1.31724,1.31728,57
11/09/2017,17:30:00,1.31728,1.31731,1.31722,1.31723,57
11/09/2017,17:31:00,1.31723,1.31724,1.31719,1.31724,40
11/09/2017,17:32:00,1.31725,1.31725,1.31718,1.31723,50
11/09/2017,17:33:00,1.31723,1.31723,1.31702,1.31703,66
11/09/2017,17:34:00,1.31703,1.31705,1.31701,1.31702,31
11/09/2017,17:35:00,1.31702,1.31704,1.31701,1.31704,12
11/09/2017,17:36:00,1.31705,1.31707,1.31704,1.31704,19
11/09/2017,17:37:00,1.31704,1.31715,1.31701,1.31715,45
11/09/2017,17:38:00,1.31714,1.31729,1.31713,1.31728,80
11/09/2017,17:39:00,1.31729,1.31733,1.31725,1.31726,20
11/09/2017,17:40:00,1.31725,1.31729,1.31722,1.31723,29
11/09/2017,17:41:00,1.31722,1.31722,1.31703,1.31708,102
11/09/2017,17:42:00,1.31709,1.31712,1.31708,1.3171,35
11/09/2017,17:43:00,1.3171,1.31719,1.31709,1.31717,34
11/09/2017,17:44:00,1.31715,1.31721,1.31714,1.3172,26
11/09/2017,17:45:00,1.31721,1.31722,1.31718,1.31719,28
11/09/2017,17:46:00,1.31719,1.31722,1.31719,1.31721,31
11/09/2017,17:47:00,1.31721,1.31723,1.31719,1.31722,31
11/09/2017,17:48:00,1.31722,1.31722,1.31719,1.31721,17
11/09/2017,17:49:00,1.31722,1.31725,1.3172,1.3172,29
11/09/2017,17:50:00,1.31721,1.31731,1.31721,1.31728,41
11/09/2017,17:51:00,1.31727,1.31742,1.31727,1.31738,46
11/09/2017,17:52:00,1.31738,1.31743,1.31733,1.31734,43
11/09/2017,17:53:00,1.31734,1.31738,1.31732,1.31734,45
11/09/2017,17:54:00,1.31734,1.31735,1.31731,1.31732,42
11/09/2017,17:55:00,1.31732,1.31734,1.3173,1.31731,33
11/09/2017,17:56:00,1.31732,1.31733,1.31727,1.3173,25
11/09/2017,17:57:00,1.3173,1.31743,1.3173,1.3174,40
11/09/2017,17:58:00,1.31741,1.31747,1.31741,1.31746,28
11/09/2017,17:59:00,1.31746,1.31749,1.31744,1.31746,61
11/09/2017,18:00:00,1.31746,1.31752,1.31742,1.31745,46
11/09/2017,18:01:00,1.31746,1.3175,1.31745,1.31746,22
11/09/2017,18:02:00,1.31747,1.31752,1.31747,1.31752,27
11/09/2017,18:03:00,1.31751,1.31758,1.31749,1.31755,46
11/09/2017,18:04:00,1.31756,1.31763,1.31754,1.31763,45
11/09/2017,18:05:00,1.31763,1.31765,1.31749,1.31749,90
11/09/2017,18:06:00,1.31751,1.31752,1.31746,1.31746,27
11/09/2017,18:07:00,1.31746,1.3176,1.31746,1.31758,35
11/09/2017,18:08:00,1.31759,1.31765,1.31755,1.31763,32
11/09/2017,18:09:00,1.31764,1.31767,1.31763,1.31763,28
11/09/2017,18:10:00,1.31764,1.31771,1.31764,1.31771,34
11/09/2017,18:11:00,1.31771,1.31773,1.31766,1.31767,41
11/09/2017,18:12:00,1.31767,1.31769,1.31764,1.31765,29
11/09/2017,18:13:00,1.31766,1.31768,1.31758,1.31758,48
11/09/2017,18:14:00,1.31758,1.31759,1.31753,1.31753,70
11/09/2017,18:15:00,1.31754,1.31758,1.31753,1.31757,38
11/09/2017,18:16:00,1.31757,1.31759,1.31755,1.31757,23
11/09/2017,18:17:00,1.31757,1.3176,1.31748,1.31751,42
11/09/2017,18:18:00,1.31751,1.31755,1.31748,1.31751,32
11/09/2017,18:19:00,1.31752,1.31756,1.31751,1.31754,15
11/09/2017,18:20:00,1.31755,1.31756,1.31752,1.31752,21
11/09/2017,18:21:00,1.31753,1.31756,1.31753,1.31754,16
11/09/2017,18:22:00,1.31755,1.31756,1.31754,1.31754,12
11/09/2017,18:23:00,1.31755,1.31757,1.31754,1.31754,13
11/09/2017,18:24:00,1.31754,1.31757,1.31754,1.31754,19
11/09/2017,18:25:00,1.31754,1.31756,1.31753,1.31754,15
11/09/2017,18:26:00,1.31753,1.31756,1.31753,1.31756,14
11/09/2017,18:27:00,1.31756,1.31756,1.31751,1.31753,43
11/09/2017,18:28:00,1.31754,1.31754,1.31744,1.31746,44
11/09/2017,18:29:00,1.31746,1.31749,1.31745,1.31746,23
11/09/2017,18:30:00,1.31745,1.31748,1.31733,1.31735,69
11/09/2017,18:31:00,1.31735,1.31742,1.31733,1.31742,39
11/09/2017,18:32:00,1.31742,1.3175,1.3174,1.31746,39
11/09/2017,18:33:00,1.31746,1.31756,1.31745,1.31753,39
11/09/2017,18:34:00,1.31753,1.31754,1.31749,1.3175,38
11/09/2017,18:35:00,1.31749,1.31749,1.31743,1.31744,55
11/09/2017,18:36:00,1.31744,1.31744,1.3173,1.31731,91
11/09/2017,18:37:00,1.31732,1.31734,1.3173,1.3173,51
11/09/2017,18:38:00,1.31731,1.31733,1.31722,1.31724,55
11/09/2017,18:39:00,1.31724,1.31725,1.31722,1.31725,31
11/09/2017,18:40:00,1.31725,1.31726,1.31722,1.31724,15
11/09/2017,18:41:00,1.31724,1.31725,1.31722,1.31723,17
11/09/2017,18:42:00,1.31724,1.3173,1.31723,1.31726,32
11/09/2017,18:43:00,1.31724,1.31731,1.31724,1.31728,22
11/09/2017,18:44:00,1.31729,1.31732,1.31729,1.31732,23
11/09/2017,18:45:00,1.31733,1.31737,1.3173,1.31736,26
11/09/2017,18:46:00,1.31737,1.31738,1.31737,1.31738,16
11/09/2017,18:47:00,1.31738,1.31739,1.31736,1.31736,14
11/09/2017,18:48:00,1.31736,1.31737,1.31733,1.31734,46
11/09/2017,18:49:00,1.31733,1.31733,1.31723,1.31723,47
11/09/2017,18:50:00,1.31724,1.31725,1.31721,1.31722,44
11/09/2017,18:51:00,1.31723,1.31724,1.31721,1.31721,12
11/09/2017,18:52:00,1.31721,1.31723,1.31703,1.31703,66
11/09/2017,18:53:00,1.31705,1.31705,1.317,1.31702,21
11/09/2017,18:54:00,1.31702,1.31704,1.31701,1.31703,17
11/09/2017,18:55:00,1.31703,1.3171,1.31696,1.31696,62
11/09/2017,18:56:00,1.31696,1.31699,1.31684,1.31691,70
11/09/2017,18:57:00,1.31691,1.31692,1.31679,1.31681,50
11/09/2017,18:58:00,1.3168,1.31684,1.3168,1.31684,17
11/09/2017,18:59:00,1.31685,1.31688,1.31683,1.31686,40
11/09/2017,19:00:00,1.31686,1.31694,1.31684,1.31684,54
11/09/2017,19:01:00,1.31684,1.31686,1.31682,1.31683,40
11/09/2017,19:02:00,1.31684,1.31687,1.31682,1.31684,40
11/09/2017,19:03:00,1.31685,1.3169,1.31682,1.31687,38
11/09/2017,19:04:00,1.31687,1.31694,1.31685,1.31691,34
11/09/2017,19:05:00,1.31691,1.31694,1.3169,1.31693,25
11/09/2017,19:06:00,1.31694,1.3171,1.31693,1.31705,67
11/09/2017,19:07:00,1.31705,1.31711,1.31702,1.31711,40
11/09/2017,19:08:00,1.31711,1.31711,1.31703,1.31706,28
11/09/2017,19:09:00,1.31706,1.31722,1.31702,1.31714,66
11/09/2017,19:10:00,1.31714,1.31718,1.31711,1.31715,64
11/09/2017,19:11:00,1.31714,1.31715,1.31683,1.31683,137
11/09/2017,19:12:00,1.31683,1.31696,1.31681,1.31688,115
11/09/2017,19:13:00,1.31688,1.31688,1.31681,1.31684,44
11/09/2017,19:14:00,1.31684,1.31684,1.31679,1.31683,50
11/09/2017,19:15:00,1.31683,1.31684,1.31671,1.31671,63
11/09/2017,19:16:00,1.31673,1.31673,1.31664,1.31664,40
11/09/2017,19:17:00,1.31664,1.31667,1.31654,1.31667,95
11/09/2017,19:18:00,1.31666,1.31666,1.3166,1.31662,44
11/09/2017,19:19:00,1.31663,1.31664,1.3166,1.31664,40
11/09/2017,19:20:00,1.31664,1.31664,1.31651,1.31653,81
11/09/2017,19:21:00,1.31654,1.31663,1.31654,1.31662,30
11/09/2017,19:22:00,1.31662,1.31673,1.31662,1.31669,43
11/09/2017,19:23:00,1.31669,1.31677,1.31651,1.31656,108
11/09/2017,19:24:00,1.31656,1.31657,1.31653,1.31655,38
11/09/2017,19:25:00,1.31656,1.31657,1.31652,1.31655,50
11/09/2017,19:26:00,1.31655,1.31656,1.31653,1.31654,17
11/09/2017,19:27:00,1.31655,1.31655,1.31651,1.31654,36
11/09/2017,19:28:00,1.31654,1.31654,1.31644,1.3165,70
11/09/2017,19:29:00,1.3165,1.3165,1.31646,1.31648,51
11/09/2017,19:30:00,1.31648,1.31655,1.31648,1.31652,35
11/09/2017,19:31:00,1.31652,1.31656,1.31652,1.31654,34
11/09/2017,19:32:00,1.31654,1.31655,1.31653,1.31654,20
11/09/2017,19:33:00,1.31654,1.31655,1.3165,1.31651,40
11/09/2017,19:34:00,1.31652,1.31654,1.31648,1.31653,34
11/09/2017,19:35:00,1.31653,1.31656,1.31653,1.31655,16
11/09/2017,19:36:00,1.31655,1.31655,1.31642,1.31642,46
11/09/2017,19:37:00,1.31643,1.31652,1.31643,1.31643,46
11/09/2017,19:38:00,1.31643,1.31644,1.3164,1.31642,21
11/09/2017,19:39:00,1.31643,1.31647,1.31642,1.31644,30
11/09/2017,19:40:00,1.31643,1.31647,1.31643,1.31647,16
11/09/2017,19:41:00,1.31647,1.31648,1.31642,1.31643,36
11/09/2017,19:42:00,1.31644,1.31646,1.31633,1.31634,48
11/09/2017,19:43:00,1.31634,1.31634,1.31617,1.31622,109
11/09/2017,19:44:00,1.31623,1.31624,1.31607,1.31616,128
11/09/2017,19:45:00,1.31615,1.31663,1.31606,1.31662,240
11/09/2017,19:46:00,1.31663,1.31663,1.31655,1.31657,38
11/09/2017,19:47:00,1.31658,1.31668,1.31658,1.31667,35
11/09/2017,19:48:00,1.31668,1.31676,1.31657,1.31658,73
11/09/2017,19:49:00,1.31658,1.31658,1.31652,1.31655,21
11/09/2017,19:50:00,1.31656,1.31656,1.31642,1.31646,77
11/09/2017,19:51:00,1.31646,1.31648,1.31643,1.31643,45
11/09/2017,19:52:00,1.31644,1.31645,1.31624,1.31629,111
11/09/2017,19:53:00,1.31629,1.31633,1.31608,1.31617,143
11/09/2017,19:54:00,1.31619,1.31635,1.31617,1.3162,134
11/09/2017,19:55:00,1.31622,1.31645,1.31622,1.31643,122
11/09/2017,19:56:00,1.31643,1.31643,1.31636,1.3164,73
11/09/2017,19:57:00,1.31641,1.31641,1.31623,1.31624,168
11/09/2017,19:58:00,1.31624,1.31635,1.31621,1.3163,118
11/09/2017,19:59:00,1.3163,1.31631,1.31628,1.3163,28
11/09/2017,20:00:00,1.3163,1.31634,1.31628,1.31632,95
11/09/2017,20:01:00,1.31633,1.31633,1.31625,1.3163,67
11/09/2017,20:02:00,1.3163,1.31641,1.3163,1.31638,59
11/09/2017,20:03:00,1.31638,1.31643,1.31635,1.31637,56
11/09/2017,20:04:00,1.31638,1.31648,1.31638,1.31646,69
11/09/2017,20:05:00,1.31646,1.31652,1.31644,1.3165,41
11/09/2017,20:06:00,1.31651,1.31653,1.31648,1.31649,39
11/09/2017,20:07:00,1.31649,1.31654,1.31649,1.31651,29
11/09/2017,20:08:00,1.31651,1.31656,1.31651,1.31654,32
11/09/2017,20:09:00,1.31654,1.31675,1.31652,1.31675,63
11/09/2017,20:10:00,1.31675,1.31675,1.31655,1.3166,116
11/09/2017,20:11:00,1.31661,1.31679,1.31659,1.31671,125
11/09/2017,20:12:00,1.31672,1.31679,1.31667,1.31671,66
11/09/2017,20:13:00,1.31672,1.31681,1.3166,1.31669,73
11/09/2017,20:14:00,1.3167,1.31684,1.31668,1.31671,101
11/09/2017,20:15:00,1.3167,1.31681,1.31669,1.31674,80
11/09/2017,20:16:00,1.31674,1.31683,1.3167,1.31683,80
11/09/2017,20:17:00,1.31683,1.31691,1.31673,1.31675,60
11/09/2017,20:18:00,1.31674,1.31674,1.31661,1.31662,58
11/09/2017,20:19:00,1.31663,1.3167,1.31663,1.31667,39
11/09/2017,20:20:00,1.31666,1.31675,1.31666,1.31675,25
11/09/2017,20:21:00,1.31674,1.31677,1.31674,1.31677,17
11/09/2017,20:22:00,1.31677,1.31681,1.31677,1.31677,25
11/09/2017,20:23:00,1.31678,1.3168,1.31678,1.31679,10
11/09/2017,20:24:00,1.31679,1.31679,1.31672,1.31672,25
11/09/2017,20:25:00,1.31672,1.31674,1.3167,1.3167,20
11/09/2017,20:26:00,1.3167,1.31672,1.31669,1.31671,19
11/09/2017,20:27:00,1.31671,1.31677,1.3167,1.31673,46
11/09/2017,20:28:00,1.31674,1.31675,1.31671,1.31671,35
11/09/2017,20:29:00,1.31672,1.31674,1.31668,1.31669,75
11/09/2017,20:30:00,1.31669,1.3167,1.31659,1.31662,134
11/09/2017,20:31:00,1.31662,1.3167,1.31661,1.31665,79
11/09/2017,20:32:00,1.31665,1.31672,1.31661,1.31668,89
11/09/2017,20:33:00,1.31669,1.31682,1.3166,1.31661,96
11/09/2017,20:34:00,1.31662,1.31666,1.31657,1.31662,63
11/09/2017,20:35:00,1.31662,1.31685,1.31662,1.31685,71
11/09/2017,20:36:00,1.31685,1.31686,1.31683,1.31685,29
11/09/2017,20:37:00,1.31685,1.31685,1.31681,1.31684,46
11/09/2017,20:38:00,1.31684,1.31684,1.31681,1.31681,48
11/09/2017,20:39:00,1.31682,1.31683,1.31673,1.31676,46
11/09/2017,20:40:00,1.31676,1.31681,1.31673,1.3168,49
11/09/2017,20:41:00,1.3168,1.31692,1.3168,1.31691,42
11/09/2017,20:42:00,1.3169,1.31695,1.31688,1.31693,72
11/09/2017,20:43:00,1.31693,1.31693,1.31683,1.31686,122
11/09/2017,20:44:00,1.31686,1.31689,1.31676,1.31688,89
11/09/2017,20:45:00,1.31688,1.31691,1.31686,1.31687,57
11/09/2017,20:46:00,1.31686,1.31691,1.31683,1.31688,70
11/09/2017,20:47:00,1.31688,1.31709,1.31687,1.31701,115
11/09/2017,20:48:00,1.31701,1.31725,1.31701,1.31706,94
11/09/2017,20:49:00,1.31706,1.3171,1.31702,1.31704,39
11/09/2017,20:50:00,1.31705,1.31715,1.31705,1.3171,55
11/09/2017,20:51:00,1.31711,1.31715,1.3171,1.3171,34
11/09/2017,20:52:00,1.3171,1.31716,1.31706,1.31711,46
11/09/2017,20:53:00,1.3171,1.31716,1.3171,1.31714,22
11/09/2017,20:54:00,1.31714,1.31716,1.31713,1.31713,15
11/09/2017,20:55:00,1.31713,1.31724,1.31713,1.3172,58
11/09/2017,20:56:00,1.3172,1.31748,1.3172,1.31732,104
11/09/2017,20:57:00,1.31732,1.31738,1.31731,1.31731,79
11/09/2017,20:58:00,1.31732,1.31734,1.31722,1.31723,89
11/09/2017,20:59:00,1.31723,1.31727,1.31722,1.31726,36
11/09/2017,21:00:00,1.31726,1.31727,1.31717,1.31719,54
11/09/2017,21:01:00,1.31719,1.31726,1.31717,1.31723,47
11/09/2017,21:02:00,1.31724,1.31741,1.31724,1.31733,66
11/09/2017,21:03:00,1.31734,1.31746,1.31733,1.31744,36
11/09/2017,21:04:00,1.31744,1.31763,1.31744,1.31753,84
11/09/2017,21:05:00,1.31752,1.31757,1.31752,1.31755,24
11/09/2017,21:06:00,1.31756,1.31758,1.31755,1.31756,19
11/09/2017,21:07:00,1.31756,1.31757,1.31754,1.31755,11
11/09/2017,21:08:00,1.31755,1.31756,1.31745,1.31745,47
11/09/2017,21:09:00,1.31745,1.31745,1.31737,1.31738,37
11/09/2017,21:10:00,1.31736,1.31743,1.31736,1.31742,36
11/09/2017,21:11:00,1.31743,1.31765,1.31743,1.31755,76
11/09/2017,21:12:00,1.31754,1.31759,1.31754,1.31755,27
11/09/2017,21:13:00,1.31755,1.31758,1.31753,1.31756,30
11/09/2017,21:14:00,1.31757,1.31776,1.31756,1.31772,84
11/09/2017,21:15:00,1.31772,1.31774,1.31772,1.31772,16
11/09/2017,21:16:00,1.31773,1.31773,1.31761,1.31761,63
11/09/2017,21:17:00,1.31761,1.31762,1.31751,1.31751,88
11/09/2017,21:18:00,1.31749,1.31759,1.31736,1.31754,56
11/09/2017,21:19:00,1.31751,1.31751,1.31747,1.31747,30
11/09/2017,21:20:00,1.31746,1.31768,1.31746,1.31766,65
11/09/2017,21:21:00,1.31766,1.31766,1.3176,1.3176,24
11/09/2017,21:22:00,1.31761,1.31763,1.31755,1.31758,41
11/09/2017,21:23:00,1.31758,1.31766,1.31756,1.31765,32
11/09/2017,21:24:00,1.31765,1.31766,1.31744,1.31744,74
11/09/2017,21:25:00,1.31744,1.31748,1.31744,1.31747,20
11/09/2017,21:26:00,1.31746,1.31749,1.31735,1.31735,50
11/09/2017,21:27:00,1.31735,1.31739,1.31733,1.31737,28
11/09/2017,21:28:00,1.31738,1.3175,1.31736,1.3175,53
11/09/2017,21:29:00,1.31751,1.31752,1.31737,1.31748,69
11/09/2017,21:30:00,1.31748,1.31767,1.31748,1.31761,44
11/09/2017,21:31:00,1.31761,1.31766,1.3176,1.31764,48
11/09/2017,21:32:00,1.31763,1.31779,1.31761,1.31774,87
11/09/2017,21:33:00,1.31773,1.31779,1.3177,1.31778,39
11/09/2017,21:34:00,1.31777,1.31779,1.3177,1.31771,26
11/09/2017,21:35:00,1.3177,1.31782,1.31767,1.31782,50
11/09/2017,21:36:00,1.31782,1.31789,1.31782,1.31785,109
11/09/2017,21:37:00,1.31784,1.31787,1.31783,1.31784,17
11/09/2017,21:38:00,1.31784,1.31786,1.31783,1.31784,11
11/09/2017,21:39:00,1.31783,1.31787,1.3178,1.31781,31
11/09/2017,21:40:00,1.3178,1.31785,1.3177,1.3177,57
11/09/2017,21:41:00,1.31769,1.31772,1.31765,1.31772,32
11/09/2017,21:42:00,1.31773,1.31773,1.31766,1.31766,22
11/09/2017,21:43:00,1.31765,1.31766,1.31763,1.31764,15
11/09/2017,21:44:00,1.31764,1.31765,1.31763,1.31765,15
11/09/2017,21:45:00,1.31765,1.31765,1.31762,1.31764,12
11/09/2017,21:46:00,1.31765,1.31765,1.31763,1.31764,21
11/09/2017,21:47:00,1.31764,1.31765,1.31762,1.31765,37
11/09/2017,21:48:00,1.31765,1.31768,1.31763,1.31768,20
11/09/2017,21:49:00,1.31768,1.31768,1.31764,1.31768,14
11/09/2017,21:50:00,1.31767,1.31767,1.31765,1.31765,16
11/09/2017,21:51:00,1.31766,1.31766,1.31763,1.31764,16
11/09/2017,21:52:00,1.31765,1.3177,1.31765,1.31768,39
11/09/2017,21:53:00,1.31768,1.31773,1.31766,1.31769,33
11/09/2017,21:54:00,1.31768,1.31768,1.31762,1.31763,37
11/09/2017,21:55:00,1.31762,1.31762,1.31759,1.31759,24
11/09/2017,21:56:00,1.3176,1.31785,1.3176,1.31778,64
11/09/2017,21:57:00,1.31779,1.31793,1.31778,1.31793,51
11/09/2017,21:58:00,1.31793,1.31796,1.31793,1.31795,19
11/09/2017,21:59:00,1.31794,1.31795,1.31792,1.31794,23
11/09/2017,22:00:00,1.31793,1.31795,1.31788,1.31795,54
11/09/2017,22:01:00,1.31794,1.31794,1.31778,1.31778,58
11/09/2017,22:02:00,1.31778,1.31778,1.31773,1.31774,21
11/09/2017,22:03:00,1.31774,1.31777,1.31773,1.31776,23
11/09/2017,22:04:00,1.31776,1.31778,1.31773,1.31777,21
11/09/2017,22:05:00,1.31776,1.31782,1.31776,1.31776,30
11/09/2017,22:06:00,1.31777,1.31781,1.31774,1.31777,20
11/09/2017,22:07:00,1.31778,1.31787,1.31778,1.31785,33
11/09/2017,22:08:00,1.31784,1.31804,1.31784,1.31804,48
11/09/2017,22:09:00,1.31804,1.31812,1.31798,1.31799,81
11/09/2017,22:10:00,1.31799,1.31801,1.31798,1.31799,14
11/09/2017,22:11:00,1.31798,1.31799,1.31796,1.31797,16
11/09/2017,22:12:00,1.31796,1.31798,1.31793,1.31795,19
11/09/2017,22:13:00,1.31795,1.31795,1.31788,1.3179,26
11/09/2017,22:14:00,1.31791,1.31791,1.31787,1.31787,24
11/09/2017,22:15:00,1.31786,1.31788,1.31784,1.31785,12
11/09/2017,22:16:00,1.31785,1.31788,1.31784,1.31784,9
11/09/2017,22:17:00,1.31784,1.31788,1.31784,1.31787,20
11/09/2017,22:18:00,1.31786,1.31792,1.31785,1.31787,48
11/09/2017,22:19:00,1.31787,1.31789,1.31785,1.31787,19
11/09/2017,22:20:00,1.31787,1.31792,1.31786,1.31789,29
11/09/2017,22:21:00,1.31789,1.3179,1.31779,1.31779,51
11/09/2017,22:22:00,1.31779,1.31793,1.31778,1.31793,53
11/09/2017,22:23:00,1.31793,1.31793,1.31778,1.31778,72
11/09/2017,22:24:00,1.31778,1.31784,1.31776,1.31783,54
11/09/2017,22:25:00,1.31782,1.31786,1.31781,1.31784,28
11/09/2017,22:26:00,1.31784,1.31793,1.31783,1.31793,34
11/09/2017,22:27:00,1.31792,1.31801,1.3179,1.31793,50
11/09/2017,22:28:00,1.31791,1.31791,1.31784,1.31786,28
11/09/2017,22:29:00,1.31786,1.31786,1.31783,1.31785,17
11/09/2017,22:30:00,1.31785,1.31785,1.31783,1.31784,23
11/09/2017,22:31:00,1.31784,1.31785,1.31782,1.31785,13
11/09/2017,22:32:00,1.31785,1.31809,1.31784,1.31804,74
11/09/2017,22:33:00,1.31805,1.31814,1.31805,1.31813,78
11/09/2017,22:34:00,1.31814,1.31815,1.31809,1.31811,52
11/09/2017,22:35:00,1.31812,1.31814,1.31802,1.31808,96
11/09/2017,22:36:00,1.31808,1.31808,1.31801,1.31805,40
11/09/2017,22:37:00,1.31806,1.31815,1.31804,1.31806,67
11/09/2017,22:38:00,1.31806,1.31808,1.31803,1.31805,39
11/09/2017,22:39:00,1.31806,1.31806,1.31803,1.31804,21
11/09/2017,22:40:00,1.31804,1.31805,1.31799,1.31804,28
11/09/2017,22:41:00,1.31803,1.31807,1.31803,1.31803,20
11/09/2017,22:42:00,1.31803,1.31804,1.31797,1.31804,31
11/09/2017,22:43:00,1.31803,1.31805,1.318,1.318,26
11/09/2017,22:44:00,1.318,1.318,1.31796,1.31797,24
11/09/2017,22:45:00,1.31798,1.31801,1.31796,1.318,38
11/09/2017,22:46:00,1.318,1.31807,1.31798,1.31798,56
11/09/2017,22:47:00,1.31798,1.31803,1.31791,1.31792,88
11/09/2017,22:48:00,1.31792,1.31794,1.3179,1.3179,44
11/09/2017,22:49:00,1.3179,1.31791,1.31782,1.31784,48
11/09/2017,22:50:00,1.31783,1.31788,1.31783,1.31787,23
11/09/2017,22:51:00,1.31788,1.31788,1.31782,1.31782,37
11/09/2017,22:52:00,1.31781,1.31781,1.31772,1.31776,32
11/09/2017,22:53:00,1.31777,1.31777,1.31773,1.31775,16
11/09/2017,22:54:00,1.31776,1.3178,1.31774,1.31775,30
11/09/2017,22:55:00,1.31776,1.31777,1.31765,1.31769,34
11/09/2017,22:56:00,1.31769,1.31769,1.31765,1.31768,13
11/09/2017,22:57:00,1.31767,1.31773,1.31767,1.31772,29
11/09/2017,22:58:00,1.31773,1.31774,1.31762,1.31769,53
11/09/2017,22:59:00,1.31768,1.31768,1.31765,1.31766,23
11/09/2017,23:00:00,1.31766,1.31768,1.31764,1.31766,21
11/09/2017,23:01:00,1.31766,1.31769,1.31766,1.31768,18
11/09/2017,23:02:00,1.31769,1.3178,1.31769,1.3178,38
11/09/2017,23:03:00,1.3178,1.3178,1.31773,1.31776,19
11/09/2017,23:04:00,1.31776,1.31785,1.31775,1.31783,37
11/09/2017,23:05:00,1.31783,1.31786,1.31782,1.31785,37
11/09/2017,23:06:00,1.31786,1.3179,1.31783,1.3179,27
11/09/2017,23:07:00,1.3179,1.31798,1.31788,1.31796,34
11/09/2017,23:08:00,1.31795,1.31798,1.31784,1.31784,44
11/09/2017,23:09:00,1.31784,1.31785,1.31781,1.31781,17
11/09/2017,23:10:00,1.31782,1.31786,1.31782,1.31786,16
11/09/2017,23:11:00,1.31786,1.3179,1.31785,1.31789,59
11/09/2017,23:12:00,1.3179,1.318,1.31789,1.31799,40
11/09/2017,23:13:00,1.31798,1.31804,1.31797,1.31802,31
11/09/2017,23:14:00,1.31802,1.31804,1.31794,1.31795,68
11/09/2017,23:15:00,1.31794,1.31795,1.31778,1.31778,98
11/09/2017,23:16:00,1.3178,1.31783,1.31778,1.31781,32
11/09/2017,23:17:00,1.31781,1.31784,1.31779,1.31779,31
11/09/2017,23:18:00,1.31779,1.3178,1.31772,1.31772,39
11/09/2017,23:19:00,1.31772,1.31773,1.31771,1.31772,13
11/09/2017,23:20:00,1.31771,1.31773,1.31769,1.31769,19
11/09/2017,23:21:00,1.31769,1.31774,1.31765,1.31773,98
11/09/2017,23:22:00,1.31772,1.31773,1.31768,1.31772,16
11/09/2017,23:23:00,1.31772,1.31773,1.31771,1.31772,15
11/09/2017,23:24:00,1.31772,1.31777,1.31771,1.31773,42
11/09/2017,23:25:00,1.31773,1.31774,1.3177,1.31774,24
11/09/2017,23:26:00,1.31774,1.31774,1.31767,1.31767,41
11/09/2017,23:27:00,1.31767,1.31769,1.31762,1.31762,77
11/09/2017,23:28:00,1.31762,1.31763,1.31756,1.31757,37
11/09/2017,23:29:00,1.31757,1.31757,1.31754,1.31757,32
11/09/2017,23:30:00,1.31757,1.31757,1.31754,1.31754,30
11/09/2017,23:31:00,1.31755,1.31758,1.31754,1.31754,28
11/09/2017,23:32:00,1.31755,1.31758,1.31752,1.31753,31
11/09/2017,23:33:00,1.31754,1.31754,1.31743,1.31743,31
11/09/2017,23:34:00,1.31742,1.31744,1.31741,1.31743,13
11/09/2017,23:35:00,1.31745,1.31748,1.31731,1.31737,56
11/09/2017,23:36:00,1.31737,1.31743,1.31737,1.31738,41
11/09/2017,23:37:00,1.31738,1.31739,1.31732,1.31734,36
11/09/2017,23:38:00,1.31733,1.31734,1.31732,1.31733,20
11/09/2017,23:39:00,1.31733,1.31746,1.31732,1.31743,47
11/09/2017,23:40:00,1.31744,1.31745,1.31741,1.31745,15
11/09/2017,23:41:00,1.31745,1.31745,1.31742,1.31744,11
11/09/2017,23:42:00,1.31744,1.31744,1.31732,1.31736,59
11/09/2017,23:43:00,1.31735,1.31736,1.31732,1.31735,23
11/09/2017,23:44:00,1.31735,1.31736,1.31733,1.31734,19
11/09/2017,23:45:00,1.31734,1.31738,1.31734,1.31737,32
11/09/2017,23:46:00,1.31738,1.3175,1.31738,1.31744,35
11/09/2017,23:47:00,1.31743,1.31745,1.31742,1.31745,18
11/09/2017,23:48:00,1.31746,1.31746,1.31743,1.31743,11
11/09/2017,23:49:00,1.31744,1.31744,1.31742,1.31743,11
11/09/2017,23:50:00,1.31743,1.31744,1.31742,1.31743,19
11/09/2017,23:51:00,1.31742,1.31746,1.31742,1.31746,11
11/09/2017,23:52:00,1.31747,1.31747,1.31742,1.31745,23
11/09/2017,23:53:00,1.31746,1.31749,1.31744,1.31745,19
11/09/2017,23:54:00,1.31744,1.31751,1.31744,1.31751,22
11/09/2017,23:55:00,1.31752,1.31756,1.31749,1.31752,33
11/09/2017,23:56:00,1.31753,1.31753,1.31743,1.31749,75
11/09/2017,23:57:00,1.31749,1.31752,1.31748,1.31752,31
11/09/2017,23:58:00,1.31751,1.31752,1.3175,1.31751,24
11/09/2017,23:59:00,1.31751,1.31751,1.31749,1.31751,29